feature,psi_2015,max_quarter_psi,status
inq_last_6mths,0.04402477986523754,0.0613176200829952,green
revol_util,0.02429746570961539,0.042721189369987686,green
purpose,0.025430026434960493,0.04134615527487454,green
dti,0.0279255758162714,0.030480675617620176,green
loan_amnt,0.008236859120919735,0.014028278830962613,green
pub_rec,0.01222098796809283,0.013573526484117778,green
open_acc,0.011673390705080548,0.013268210007304534,green
fico_range_low,0.004887479644593583,0.012023204131306971,green
log_annual_inc,0.004298393797563498,0.010242401204321084,green
loan_to_income,0.003393372799903831,0.009006024199041155,green
home_ownership,0.005056033699634319,0.006603763049311568,green
emp_length_yrs_missing,0.003269761955299488,0.00640864492077746,green
delinq_2yrs,0.004061092461645841,0.004898948786513008,green
emp_length_yrs,0.0017528222883819342,0.002995700907909879,green
revol_util_missing,2.9829096405339385e-05,0.00011384068947516887,green
dti_missing,1.1862241472565026e-05,6.716820370628378e-05,green
