feature,coef,odds_ratio
cat__purpose_small_business,0.8744318126275791,2.3975126704664453
cat__purpose_medical,0.3915823468027528,1.4793197397432971
num__fico_range_low,-0.35866271328002697,0.698609943474668
cat__purpose_infrequent_sklearn,0.34094660274242633,1.406278147460836
cat__purpose_other,0.30440517809476436,1.355818292685516
cat__home_ownership_RENT,0.26297266225768756,1.3007911577721718
cat__purpose_credit_card,-0.17898346139855753,0.8361197275336181
num__inq_last_6mths,0.1665488222834509,1.1812212043790664
num__log_annual_inc,-0.1602807271686306,0.8519046026276913
num__loan_to_income,0.14948867005955413,1.161240313953864
cat__purpose_home_improvement,0.14444418673443343,1.1553972066729876
cat__purpose_major_purchase,0.12209539885968158,1.1298618841744261
num__dti,0.12195675240347899,1.129705243687262
cat__home_ownership_infrequent_sklearn,0.11240453662627409,1.118965431598726
cat__home_ownership_OWN,0.0999586874542394,1.1051252615946205
num__emp_length_yrs_missing,0.06579602597501578,1.0680088488833879
num__open_acc,0.04686225837226346,1.0479776489904835
cat__purpose_debt_consolidation,0.04501786815589255,1.04604655066457
num__revol_util,0.038250243589958086,1.038991201237566
num__loan_amnt,0.017203069541179297,1.0173518945327098
num__pub_rec,-0.016638746422427422,0.9834989129681417
num__revol_util_missing,0.014390160107450556,1.0144941968977594
num__emp_length_yrs,-0.005601171484650754,0.9944144858296089
num__delinq_2yrs,0.0032847024501606926,1.0032901029966976
num__dti_missing,0.0,1.0
