period,quarter,loans,actual,predicted,gap_pp,auc,score_psi,flags
train (in-sample),2012Q1,6498,0.13204062788550322,0.11738575997470735,1.465486791079587,0.6412535750301708,0.07075342983852366,calibration
train (in-sample),2012Q2,8469,0.14228362262368638,0.1257274845380264,1.6556138085659977,0.6495578719359497,0.020844497058266992,calibration
train (in-sample),2012Q3,13322,0.14194565380573487,0.13314398350271034,0.8801670303024534,0.6644207090657434,0.0019946312164252343,none
train (in-sample),2012Q4,15181,0.1283841644160464,0.13324492541149022,-0.486076099544383,0.6410270777250356,0.0008550603796743206,none
train (in-sample),2013Q1,17988,0.12586168556815655,0.1332839879320931,-0.7422302363936539,0.659372379149876,0.0018187823645281626,none
train (in-sample),2013Q2,23136,0.1283713692946058,0.13025109780267544,-0.1879728508069639,0.6596273321999793,0.0023694350584581377,none
train (in-sample),2013Q3,27318,0.12211728530639139,0.1296631425483465,-0.7545857241955098,0.648673505528827,0.003582596572839539,none
train (in-sample),2013Q4,31980,0.11907442151344591,0.12740960579109556,-0.8335184277649649,0.6516885843503951,0.007384652492580536,none
train (in-sample),2014Q1,34074,0.12866114926336797,0.1339436261976929,-0.5282476934324931,0.6438140745120503,0.0010489348474723554,none
train (in-sample),2014Q2,37881,0.13545048969140203,0.1338085253508986,0.16419643405034268,0.6524993208472375,0.0007992885106391125,none
train (in-sample),2014Q3,40595,0.136297573592807,0.13433538872933953,0.196218486346747,0.6599069405059883,0.0017893910512834644,none
train (in-sample),2014Q4,50020,0.14528188724510196,0.13704393326011136,0.8237953984990609,0.6517276696146233,0.004956046180415484,none
test (out-of-time),2015Q1,56568,0.1483347475604582,0.1363717954073179,1.1962952153140305,0.6499772925734637,0.0035248385757317407,calibration
test (out-of-time),2015Q2,64222,0.15381022079661175,0.13391133109267134,1.9898889703940408,0.6515419946548242,0.0007298337174021903,calibration
test (out-of-time),2015Q3,73567,0.14578547446545326,0.13037054462839665,1.5414929837056612,0.6596221196030241,0.002896843564660221,calibration
test (out-of-time),2015Q4,88669,0.14816903314574428,0.12943900171005596,1.8730031435688326,0.6565499104922423,0.004335774674613933,calibration
