feature,iv
fico_range_low,0.1319702058086561
log_annual_inc,0.08701048357310262
dti,0.047526893484756624
loan_to_income,0.04310494517149757
home_ownership,0.039011459673163745
inq_last_6mths,0.028466556359858737
purpose,0.02203863070243966
revol_util,0.020716255103465416
emp_length_yrs_missing,0.013467095628928291
emp_length_yrs,0.01081562356828272
loan_amnt,0.007803243024460129
delinq_2yrs,0.0011073900404206776
pub_rec,0.0005465544010650457
open_acc,0.00029268852105229694
revol_util_missing,1.4692251701856854e-05
dti_missing,0.0
