band,loans,actual,predicted
"(484.297, 524.442]",28303,0.2754478323852595,0.2557928191412296
"(524.442, 530.812]",28303,0.22244991696993252,0.19623314022900412
"(530.812, 535.684]",28302,0.19500388665112006,0.16797258466853823
"(535.684, 539.958]",28303,0.17429247782920537,0.14714668631956745
"(539.958, 544.084]",28302,0.15225072433043602,0.12991289036035306
"(544.084, 548.369]",28303,0.13281277603080946,0.11436109883330507
"(548.369, 553.087]",28302,0.11596353614585542,0.09958393540318192
"(553.087, 558.914]",28304,0.10009185980780101,0.08463493378042833
"(558.914, 567.711]",28301,0.07678173916116038,0.0676069081816314
"(567.711, 599.808]",28303,0.04352895452778857,0.044044845529438596
