decile,loans,amount,expected,actual,expected_rate,actual_rate
0,28303,432565075.0,9186948.541583505,9194069.097200062,0.02123830395133843,0.021254765186949184
1,28303,404119125.0,14060123.888269477,15158132.536899954,0.034792027940448195,0.03750906997262244
2,28302,381788675.0,16668786.370553374,18548030.38109952,0.04365971926892115,0.04858192920756363
3,28303,367464525.0,18856885.157404803,20961767.767700568,0.05131620571374829,0.05704433038182548
4,28302,356496300.0,20972920.08275973,24911692.570000052,0.05883068094327972,0.06987924578740383
5,28303,348378675.0,23241922.94330463,27250681.318700273,0.06671453969823105,0.07822143912425257
6,28302,345023350.0,26067219.098674286,31997174.480899245,0.07555204335786052,0.09273915658432753
7,28303,338600200.0,29198359.547045644,34694317.06669896,0.08623255257098385,0.10246395916688461
8,28302,334703450.0,33882190.23100807,41316581.96039966,0.101230477997786,0.12344235459897308
9,28303,315161425.0,42407581.49776845,49979130.06119934,0.13455828706755102,0.15858263764735592
