threshold,tp,fp,tn,fn,precision,recall,f1,approval_rate,bad_rate_approved
0.05,41416,221813,19081,716,0.15733828719479998,0.9830057913225102,0.2712592636256759,0.06994763731953954,0.0361670960246502
0.075,39090,191291,49603,3042,0.1696754506665046,0.9277983480489889,0.28688539629302084,0.18600764594065564,0.057783265267356825
0.1,34600,150222,90672,7532,0.187207150663882,0.8212285198898699,0.30490760242163606,0.346978722802852,0.07669748686407886
0.125,28302,108667,132227,13830,0.20663069745708884,0.6717459413272572,0.31604513654306793,0.5160550620791022,0.0946890597506453
0.15,21764,73708,167186,20368,0.22796212502094856,0.5165669799677205,0.3163280137205314,0.6626741006126645,0.10859805709289058
0.175,15683,47411,193483,26449,0.24856563223127398,0.3722348808506598,0.2980822230247277,0.7770734844148595,0.12025989851408617
0.2,10769,29443,211451,31363,0.2678056301601512,0.2556014430836419,0.2615612552219955,0.8579211803862543,0.12916471043679525
0.225,7093,17651,223243,35039,0.28665535079211124,0.16835184657742333,0.21212393085710868,0.9125734031502406,0.13566179602140296
0.25,4471,10320,230574,37661,0.30227841254817117,0.10611886452102914,0.15708940147216416,0.9477397836241194,0.14040300482785617
0.275,2793,5930,234964,39339,0.3201880087125989,0.0662916547992025,0.10984170681348933,0.9691795100096811,0.1434143994050375
0.3,1688,3344,237550,40444,0.3354531001589825,0.04006455900503181,0.0715800186582987,0.9822207147046561,0.1454851543558494
0.325,996,1830,239064,41136,0.3524416135881104,0.023639988607234406,0.044308020819431464,0.9900150516206991,0.14680942184154175
0.35,605,1010,239884,41527,0.3746130030959752,0.014359631633912465,0.02765903947699271,0.994293810462643,0.14756708159951104
0.375,321,579,240315,41811,0.3566666666666667,0.007618911990885787,0.014919129949804799,0.9968200801339806,0.1481997405414602
0.4,186,311,240583,41946,0.37424547283702214,0.004414696667616064,0.00872645382251519,0.9982439775850982,0.14846617515370103
