candidate,max_depth,learning_rate,min_child_weight,subsample,colsample_bytree,reg_lambda,cv_auc,cv_std,trees
10,4,0.02,50,0.6,1.0,5.0,0.6544370805407395,0.0017595354497928859,540
13,4,0.02,50,0.8,0.6,0.5,0.6543060533493409,0.0018844436284882317,793
1,2,0.1,50,0.8,0.8,10.0,0.6541927624014345,0.0016718790925896343,446
4,6,0.05,50,0.8,0.6,10.0,0.6538113245512996,0.002146920414894742,152
0,4,0.05,1,0.8,0.8,1.0,0.6537764241299722,0.002190213214647372,267
6,4,0.02,1,0.8,1.0,0.5,0.6537017587297193,0.0022007589881250806,621
17,3,0.1,50,0.6,1.0,0.5,0.6536859994132723,0.0020139587632052943,181
14,4,0.1,100,0.8,0.6,10.0,0.653648725048328,0.0020842832236823124,163
16,4,0.1,100,0.8,1.0,1.0,0.6534741086333089,0.002192640643939132,172
9,5,0.1,100,0.6,0.8,1.0,0.6532777397665507,0.0021159634958378896,87
20,4,0.05,1,0.6,0.6,0.5,0.6532631347833846,0.0020902524205396035,243
2,2,0.1,1,0.6,0.8,10.0,0.6530594776457695,0.0015766958446582818,240
3,5,0.1,50,1.0,0.8,0.5,0.6529290651025413,0.002114295972833698,121
8,5,0.05,1,1.0,0.8,10.0,0.6529197831010395,0.0019855157723137735,214
5,5,0.05,10,1.0,0.8,1.0,0.6526769521939672,0.0022812679985485963,180
19,4,0.1,10,1.0,0.8,1.0,0.6526670142774375,0.002315817543247705,148
18,6,0.02,100,1.0,1.0,5.0,0.652601681909762,0.002301437436735391,544
15,5,0.1,1,0.6,1.0,10.0,0.6525755297731347,0.001451531350224492,80
7,6,0.1,10,0.8,0.6,10.0,0.652425260346917,0.002156964830545747,91
12,6,0.05,1,0.8,1.0,0.5,0.6520295103543233,0.002090441076360062,141
11,6,0.1,10,1.0,0.8,1.0,0.6517660009310037,0.0020020258418680715,63
